,PC1,PC2,PC3,PC4,PC5
satisfaction_level,0.08688429,-0.831270105,0.382055599,-0.272228823,0.285247471
last_evaluation,-0.507401989,-0.369969916,0.047415661,0.714190716,-0.305530456
number_project,-0.579076929,0.112576021,-0.209546187,-0.005590891,0.779779256
average_monthly_hours,-0.549280845,-0.124571777,-0.253761829,-0.63585544,-0.462671826
time_spend_company,-0.312977324,0.379368931,0.862253213,-0.107143316,-0.056250465
